,game_id,season,game_type,week,gameday,weekday,gametime,away_team,home_team,away_score,home_score,home_result,stadium,location,roof,surface,old_game_id
0,2006_01_MIA_PIT,2006,REG,1,2006-09-07,Thursday,20:30,MIA,PIT,17,28,11,Heinz Field,Home,outdoors,dessograss,2006090700
1,2006_01_ATL_CAR,2006,REG,1,2006-09-10,Sunday,13:00,ATL,CAR,20,6,-14,Bank of America Stadium,Home,outdoors,grass,2006091000
2,2006_01_NO_CLE,2006,REG,1,2006-09-10,Sunday,13:00,NO,CLE,19,14,-5,Cleveland Browns Stadium,Home,outdoors,grass,2006091001
3,2006_01_SEA_DET,2006,REG,1,2006-09-10,Sunday,13:00,SEA,DET,9,6,-3,Ford Field,Home,dome,fieldturf,2006091002
4,2006_01_PHI_HOU,2006,REG,1,2006-09-10,Sunday,13:00,PHI,HOU,24,10,-14,Reliant Stadium,Home,closed,grass,2006091003
5,2006_01_CIN_KC,2006,REG,1,2006-09-10,Sunday,13:00,CIN,KC,23,10,-13,Arrowhead Stadium,Home,outdoors,grass,2006091004
6,2006_01_BUF_NE,2006,REG,1,2006-09-10,Sunday,13:00,BUF,NE,17,19,2,Gillette Stadium,Home,outdoors,grass,2006091005
7,2006_01_DEN_STL,2006,REG,1,2006-09-10,Sunday,13:00,DEN,STL,10,18,8,Edward Jones Dome,Home,dome,fieldturf,2006091006
8,2006_01_BAL_TB,2006,REG,1,2006-09-10,Sunday,13:00,BAL,TB,27,0,-27,Raymond James Stadium,Home,outdoors,grass,2006091007
9,2006_01_NYJ_TEN,2006,REG,1,2006-09-10,Sunday,13:00,NYJ,TEN,23,16,-7,LP Field,Home,outdoors,grass,2006091008
10,2006_01_SF_ARI,2006,REG,1,2006-09-10,Sunday,16:15,SF,ARI,27,34,7,University of Phoenix Stadium,Home,closed,grass,2006091009
11,2006_01_CHI_GB,2006,REG,1,2006-09-10,Sunday,16:15,CHI,GB,26,0,-26,Lambeau Field,Home,outdoors,grass,2006091010
12,2006_01_DAL_JAX,2006,REG,1,2006-09-10,Sunday,16:15,DAL,JAX,17,24,7,Alltel Stadium,Home,outdoors,grass,2006091011
13,2006_01_IND_NYG,2006,REG,1,2006-09-10,Sunday,20:15,IND,NYG,26,21,-5,Giants Stadium,Home,outdoors,fieldturf,2006091012
14,2006_01_MIN_WAS,2006,REG,1,2006-09-11,Monday,19:00,MIN,WAS,19,16,-3,FedExField,Home,outdoors,grass,2006091100
15,2006_01_SD_OAK,2006,REG,1,2006-09-11,Monday,22:15,SD,OAK,27,0,-27,McAfee Coliseum,Home,outdoors,grass,2006091101
16,2006_02_TB_ATL,2006,REG,2,2006-09-17,Sunday,13:00,TB,ATL,3,14,11,Georgia Dome,Home,dome,fieldturf,2006091700
17,2006_02_OAK_BAL,2006,REG,2,2006-09-17,Sunday,13:00,OAK,BAL,6,28,22,M&T Bank Stadium,Home,outdoors,sportturf,2006091701
18,2006_02_DET_CHI,2006,REG,2,2006-09-17,Sunday,13:00,DET,CHI,7,34,27,Soldier Field,Home,outdoors,grass,2006091702
19,2006_02_CLE_CIN,2006,REG,2,2006-09-17,Sunday,13:00,CLE,CIN,17,34,17,Paul Brown Stadium,Home,outdoors,fieldturf,2006091703
20,2006_02_NO_GB,2006,REG,2,2006-09-17,Sunday,13:00,NO,GB,34,27,-7,Lambeau Field,Home,outdoors,grass,2006091704
21,2006_02_HOU_IND,2006,REG,2,2006-09-17,Sunday,13:00,HOU,IND,24,43,19,RCA Dome,Home,dome,fieldturf,2006091705
22,2006_02_BUF_MIA,2006,REG,2,2006-09-17,Sunday,13:00,BUF,MIA,16,6,-10,Dolphin Stadium,Home,outdoors,grass,2006091706
23,2006_02_CAR_MIN,2006,REG,2,2006-09-17,Sunday,13:00,CAR,MIN,13,16,3,Hubert H. Humphrey Metrodome,Home,dome,fieldturf,2006091707
24,2006_02_NYG_PHI,2006,REG,2,2006-09-17,Sunday,13:00,NYG,PHI,30,24,-6,Lincoln Financial Field,Home,outdoors,grass,2006091708
25,2006_02_ARI_SEA,2006,REG,2,2006-09-17,Sunday,16:05,ARI,SEA,10,21,11,Qwest Field,Home,outdoors,fieldturf,2006091710
26,2006_02_STL_SF,2006,REG,2,2006-09-17,Sunday,16:05,STL,SF,13,20,7,Monster Park,Home,outdoors,grass,2006091709
27,2006_02_KC_DEN,2006,REG,2,2006-09-17,Sunday,16:15,KC,DEN,6,9,3,Invesco Field at Mile High,Home,outdoors,grass,2006091711
28,2006_02_NE_NYJ,2006,REG,2,2006-09-17,Sunday,16:15,NE,NYJ,24,17,-7,Giants Stadium,Home,outdoors,fieldturf,2006091712
29,2006_02_TEN_SD,2006,REG,2,2006-09-17,Sunday,16:15,TEN,SD,7,40,33,Qualcomm Stadium,Home,outdoors,grass,2006091713
30,2006_02_WAS_DAL,2006,REG,2,2006-09-17,Sunday,20:15,WAS,DAL,10,27,17,Texas Stadium,Home,outdoors,fieldturf,2006091714
31,2006_02_PIT_JAX,2006,REG,2,2006-09-18,Monday,20:30,PIT,JAX,0,9,9,Alltel Stadium,Home,outdoors,grass,2006091800
32,2006_03_NYJ_BUF,2006,REG,3,2006-09-24,Sunday,13:00,NYJ,BUF,28,20,-8,Ralph Wilson Stadium,Home,outdoors,astroplay,2006092400
33,2006_03_GB_DET,2006,REG,3,2006-09-24,Sunday,13:00,GB,DET,31,24,-7,Ford Field,Home,dome,fieldturf,2006092401
34,2006_03_WAS_HOU,2006,REG,3,2006-09-24,Sunday,13:00,WAS,HOU,31,15,-16,Reliant Stadium,Home,closed,grass,2006092402
35,2006_03_JAX_IND,2006,REG,3,2006-09-24,Sunday,13:00,JAX,IND,14,21,7,RCA Dome,Home,dome,fieldturf,2006092403
36,2006_03_TEN_MIA,2006,REG,3,2006-09-24,Sunday,13:00,TEN,MIA,10,13,3,Dolphin Stadium,Home,outdoors,grass,2006092404
37,2006_03_CHI_MIN,2006,REG,3,2006-09-24,Sunday,13:00,CHI,MIN,19,16,-3,Hubert H. Humphrey Metrodome,Home,dome,fieldturf,2006092405
38,2006_03_CIN_PIT,2006,REG,3,2006-09-24,Sunday,13:00,CIN,PIT,28,20,-8,Heinz Field,Home,outdoors,dessograss,2006092406
39,2006_03_CAR_TB,2006,REG,3,2006-09-24,Sunday,13:00,CAR,TB,26,24,-2,Raymond James Stadium,Home,outdoors,grass,2006092407
40,2006_03_BAL_CLE,2006,REG,3,2006-09-24,Sunday,16:05,BAL,CLE,15,14,-1,Cleveland Browns Stadium,Home,outdoors,grass,2006092408
41,2006_03_STL_ARI,2006,REG,3,2006-09-24,Sunday,16:15,STL,ARI,16,14,-2,University of Phoenix Stadium,Home,closed,grass,2006092409
42,2006_03_NYG_SEA,2006,REG,3,2006-09-24,Sunday,16:15,NYG,SEA,30,42,12,Qwest Field,Home,outdoors,fieldturf,2006092411
43,2006_03_PHI_SF,2006,REG,3,2006-09-24,Sunday,16:15,PHI,SF,38,24,-14,Monster Park,Home,outdoors,grass,2006092410
44,2006_03_DEN_NE,2006,REG,3,2006-09-24,Sunday,20:15,DEN,NE,17,7,-10,Gillette Stadium,Home,outdoors,grass,2006092412
45,2006_03_ATL_NO,2006,REG,3,2006-09-25,Monday,20:30,ATL,NO,3,23,20,Louisiana Superdome,Home,dome,fieldturf,2006092500
46,2006_04_ARI_ATL,2006,REG,4,2006-10-01,Sunday,13:00,ARI,ATL,10,32,22,Georgia Dome,Home,dome,fieldturf,2006100100
47,2006_04_SD_BAL,2006,REG,4,2006-10-01,Sunday,13:00,SD,BAL,13,16,3,M&T Bank Stadium,Home,outdoors,sportturf,2006100101
48,2006_04_MIN_BUF,2006,REG,4,2006-10-01,Sunday,13:00,MIN,BUF,12,17,5,Ralph Wilson Stadium,Home,outdoors,astroplay,2006100102
49,2006_04_NO_CAR,2006,REG,4,2006-10-01,Sunday,13:00,NO,CAR,18,21,3,Bank of America Stadium,Home,outdoors,grass,2006100103
50,2006_04_MIA_HOU,2006,REG,4,2006-10-01,Sunday,13:00,MIA,HOU,15,17,2,Reliant Stadium,Home,closed,grass,2006100104
51,2006_04_SF_KC,2006,REG,4,2006-10-01,Sunday,13:00,SF,KC,0,41,41,Arrowhead Stadium,Home,outdoors,grass,2006100105
52,2006_04_IND_NYJ,2006,REG,4,2006-10-01,Sunday,13:00,IND,NYJ,31,28,-3,Giants Stadium,Home,outdoors,fieldturf,2006100106
53,2006_04_DAL_TEN,2006,REG,4,2006-10-01,Sunday,13:00,DAL,TEN,45,14,-31,LP Field,Home,outdoors,grass,2006100107
54,2006_04_DET_STL,2006,REG,4,2006-10-01,Sunday,16:05,DET,STL,34,41,7,Edward Jones Dome,Home,dome,fieldturf,2006100108
55,2006_04_NE_CIN,2006,REG,4,2006-10-01,Sunday,16:15,NE,CIN,38,13,-25,Paul Brown Stadium,Home,outdoors,fieldturf,2006100109
56,2006_04_CLE_OAK,2006,REG,4,2006-10-01,Sunday,16:15,CLE,OAK,24,21,-3,McAfee Coliseum,Home,outdoors,grass,2006100110
57,2006_04_JAX_WAS,2006,REG,4,2006-10-01,Sunday,16:15,JAX,WAS,30,36,6,FedExField,Home,outdoors,grass,2006100111
58,2006_04_SEA_CHI,2006,REG,4,2006-10-01,Sunday,20:15,SEA,CHI,6,37,31,Soldier Field,Home,outdoors,grass,2006100112
59,2006_04_GB_PHI,2006,REG,4,2006-10-02,Monday,20:30,GB,PHI,9,31,22,Lincoln Financial Field,Home,outdoors,grass,2006100200
60,2006_05_CLE_CAR,2006,REG,5,2006-10-08,Sunday,13:00,CLE,CAR,12,20,8,Bank of America Stadium,Home,outdoors,grass,2006100800
61,2006_05_BUF_CHI,2006,REG,5,2006-10-08,Sunday,13:00,BUF,CHI,7,40,33,Soldier Field,Home,outdoors,grass,2006100801
62,2006_05_STL_GB,2006,REG,5,2006-10-08,Sunday,13:00,STL,GB,23,20,-3,Lambeau Field,Home,outdoors,grass,2006100802
63,2006_05_TEN_IND,2006,REG,5,2006-10-08,Sunday,13:00,TEN,IND,13,14,1,RCA Dome,Home,dome,fieldturf,2006100803
64,2006_05_DET_MIN,2006,REG,5,2006-10-08,Sunday,13:00,DET,MIN,17,26,9,Hubert H. Humphrey Metrodome,Home,dome,fieldturf,2006100804
65,2006_05_MIA_NE,2006,REG,5,2006-10-08,Sunday,13:00,MIA,NE,10,20,10,Gillette Stadium,Home,outdoors,grass,2006100805
66,2006_05_TB_NO,2006,REG,5,2006-10-08,Sunday,13:00,TB,NO,21,24,3,Louisiana Superdome,Home,dome,fieldturf,2006100806
67,2006_05_WAS_NYG,2006,REG,5,2006-10-08,Sunday,13:00,WAS,NYG,3,19,16,Giants Stadium,Home,outdoors,fieldturf,2006100807
68,2006_05_KC_ARI,2006,REG,5,2006-10-08,Sunday,16:05,KC,ARI,23,20,-3,University of Phoenix Stadium,Home,closed,grass,2006100808
69,2006_05_NYJ_JAX,2006,REG,5,2006-10-08,Sunday,16:05,NYJ,JAX,0,41,41,Alltel Stadium,Home,outdoors,grass,2006100809
70,2006_05_OAK_SF,2006,REG,5,2006-10-08,Sunday,16:05,OAK,SF,20,34,14,Monster Park,Home,outdoors,grass,2006100810
71,2006_05_DAL_PHI,2006,REG,5,2006-10-08,Sunday,16:15,DAL,PHI,24,38,14,Lincoln Financial Field,Home,outdoors,grass,2006100811
72,2006_05_PIT_SD,2006,REG,5,2006-10-08,Sunday,20:15,PIT,SD,13,23,10,Qualcomm Stadium,Home,outdoors,grass,2006100812
73,2006_05_BAL_DEN,2006,REG,5,2006-10-09,Monday,20:30,BAL,DEN,3,13,10,Invesco Field at Mile High,Home,outdoors,grass,2006100900
74,2006_06_NYG_ATL,2006,REG,6,2006-10-15,Sunday,13:00,NYG,ATL,27,14,-13,Georgia Dome,Home,dome,fieldturf,2006101500
75,2006_06_CAR_BAL,2006,REG,6,2006-10-15,Sunday,13:00,CAR,BAL,23,21,-2,M&T Bank Stadium,Home,outdoors,sportturf,2006101501
76,2006_06_HOU_DAL,2006,REG,6,2006-10-15,Sunday,13:00,HOU,DAL,6,34,28,Texas Stadium,Home,outdoors,fieldturf,2006101502
77,2006_06_BUF_DET,2006,REG,6,2006-10-15,Sunday,13:00,BUF,DET,17,20,3,Ford Field,Home,dome,fieldturf,2006101503
78,2006_06_PHI_NO,2006,REG,6,2006-10-15,Sunday,13:00,PHI,NO,24,27,3,Louisiana Superdome,Home,dome,fieldturf,2006101504
79,2006_06_SEA_STL,2006,REG,6,2006-10-15,Sunday,13:00,SEA,STL,30,28,-2,Edward Jones Dome,Home,dome,fieldturf,2006101505
80,2006_06_CIN_TB,2006,REG,6,2006-10-15,Sunday,13:00,CIN,TB,13,14,1,Raymond James Stadium,Home,outdoors,grass,2006101506
81,2006_06_TEN_WAS,2006,REG,6,2006-10-15,Sunday,13:00,TEN,WAS,25,22,-3,FedExField,Home,outdoors,grass,2006101507
82,2006_06_MIA_NYJ,2006,REG,6,2006-10-15,Sunday,16:15,MIA,NYJ,17,20,3,Giants Stadium,Home,outdoors,fieldturf,2006101508
83,2006_06_KC_PIT,2006,REG,6,2006-10-15,Sunday,16:15,KC,PIT,7,45,38,Heinz Field,Home,outdoors,dessograss,2006101509
84,2006_06_SD_SF,2006,REG,6,2006-10-15,Sunday,16:15,SD,SF,48,19,-29,Monster Park,Home,outdoors,grass,2006101510
85,2006_06_OAK_DEN,2006,REG,6,2006-10-15,Sunday,20:15,OAK,DEN,3,13,10,Invesco Field at Mile High,Home,outdoors,grass,2006101511
86,2006_06_CHI_ARI,2006,REG,6,2006-10-16,Monday,20:30,CHI,ARI,24,23,-1,University of Phoenix Stadium,Home,open,grass,2006101600
87,2006_07_PIT_ATL,2006,REG,7,2006-10-22,Sunday,13:00,PIT,ATL,38,41,3,Georgia Dome,Home,dome,fieldturf,2006102200
88,2006_07_NE_BUF,2006,REG,7,2006-10-22,Sunday,13:00,NE,BUF,28,6,-22,Ralph Wilson Stadium,Home,outdoors,astroplay,2006102201
89,2006_07_CAR_CIN,2006,REG,7,2006-10-22,Sunday,13:00,CAR,CIN,14,17,3,Paul Brown Stadium,Home,outdoors,fieldturf,2006102202
90,2006_07_JAX_HOU,2006,REG,7,2006-10-22,Sunday,13:00,JAX,HOU,7,27,20,Reliant Stadium,Home,open,grass,2006102203
91,2006_07_SD_KC,2006,REG,7,2006-10-22,Sunday,13:00,SD,KC,27,30,3,Arrowhead Stadium,Home,outdoors,grass,2006102204
92,2006_07_GB_MIA,2006,REG,7,2006-10-22,Sunday,13:00,GB,MIA,34,24,-10,Dolphin Stadium,Home,outdoors,grass,2006102205
93,2006_07_DET_NYJ,2006,REG,7,2006-10-22,Sunday,13:00,DET,NYJ,24,31,7,Giants Stadium,Home,outdoors,fieldturf,2006102206
94,2006_07_PHI_TB,2006,REG,7,2006-10-22,Sunday,13:00,PHI,TB,21,23,2,Raymond James Stadium,Home,outdoors,grass,2006102207
95,2006_07_DEN_CLE,2006,REG,7,2006-10-22,Sunday,16:05,DEN,CLE,17,7,-10,Cleveland Browns Stadium,Home,outdoors,grass,2006102208
96,2006_07_WAS_IND,2006,REG,7,2006-10-22,Sunday,16:15,WAS,IND,22,36,14,RCA Dome,Home,dome,fieldturf,2006102209
97,2006_07_ARI_OAK,2006,REG,7,2006-10-22,Sunday,16:15,ARI,OAK,9,22,13,McAfee Coliseum,Home,outdoors,grass,2006102210
98,2006_07_MIN_SEA,2006,REG,7,2006-10-22,Sunday,16:15,MIN,SEA,31,13,-18,Qwest Field,Home,outdoors,fieldturf,2006102211
99,2006_07_NYG_DAL,2006,REG,7,2006-10-23,Monday,20:30,NYG,DAL,36,22,-14,Texas Stadium,Home,outdoors,fieldturf,2006102300
100,2006_08_SF_CHI,2006,REG,8,2006-10-29,Sunday,13:00,SF,CHI,10,41,31,Soldier Field,Home,outdoors,grass,2006102900
101,2006_08_ATL_CIN,2006,REG,8,2006-10-29,Sunday,13:00,ATL,CIN,29,27,-2,Paul Brown Stadium,Home,outdoors,fieldturf,2006102901
102,2006_08_ARI_GB,2006,REG,8,2006-10-29,Sunday,13:00,ARI,GB,14,31,17,Lambeau Field,Home,outdoors,grass,2006102902
103,2006_08_SEA_KC,2006,REG,8,2006-10-29,Sunday,13:00,SEA,KC,28,35,7,Arrowhead Stadium,Home,outdoors,grass,2006102903
104,2006_08_BAL_NO,2006,REG,8,2006-10-29,Sunday,13:00,BAL,NO,35,22,-13,Louisiana Superdome,Home,dome,fieldturf,2006102904
105,2006_08_TB_NYG,2006,REG,8,2006-10-29,Sunday,13:00,TB,NYG,3,17,14,Giants Stadium,Home,outdoors,fieldturf,2006102905
106,2006_08_JAX_PHI,2006,REG,8,2006-10-29,Sunday,13:00,JAX,PHI,13,6,-7,Lincoln Financial Field,Home,outdoors,grass,2006102906
107,2006_08_HOU_TEN,2006,REG,8,2006-10-29,Sunday,13:00,HOU,TEN,22,28,6,LP Field,Home,outdoors,grass,2006102907
108,2006_08_STL_SD,2006,REG,8,2006-10-29,Sunday,16:05,STL,SD,24,38,14,Qualcomm Stadium,Home,outdoors,grass,2006102908
109,2006_08_NYJ_CLE,2006,REG,8,2006-10-29,Sunday,16:15,NYJ,CLE,13,20,7,Cleveland Browns Stadium,Home,outdoors,grass,2006102909
110,2006_08_IND_DEN,2006,REG,8,2006-10-29,Sunday,16:15,IND,DEN,34,31,-3,Invesco Field at Mile High,Home,outdoors,grass,2006102910
111,2006_08_PIT_OAK,2006,REG,8,2006-10-29,Sunday,16:15,PIT,OAK,13,20,7,McAfee Coliseum,Home,outdoors,grass,2006102911
112,2006_08_DAL_CAR,2006,REG,8,2006-10-29,Sunday,20:15,DAL,CAR,35,14,-21,Bank of America Stadium,Home,outdoors,grass,2006102912
113,2006_08_NE_MIN,2006,REG,8,2006-10-30,Monday,20:30,NE,MIN,31,7,-24,Hubert H. Humphrey Metrodome,Home,dome,fieldturf,2006103000
114,2006_09_CIN_BAL,2006,REG,9,2006-11-05,Sunday,13:00,CIN,BAL,20,26,6,M&T Bank Stadium,Home,outdoors,sportturf,2006110500
115,2006_09_GB_BUF,2006,REG,9,2006-11-05,Sunday,13:00,GB,BUF,10,24,14,Ralph Wilson Stadium,Home,outdoors,astroplay,2006110501
116,2006_09_MIA_CHI,2006,REG,9,2006-11-05,Sunday,13:00,MIA,CHI,31,13,-18,Soldier Field,Home,outdoors,grass,2006110502
117,2006_09_ATL_DET,2006,REG,9,2006-11-05,Sunday,13:00,ATL,DET,14,30,16,Ford Field,Home,dome,fieldturf,2006110503
118,2006_09_TEN_JAX,2006,REG,9,2006-11-05,Sunday,13:00,TEN,JAX,7,37,30,Alltel Stadium,Home,outdoors,grass,2006110504
119,2006_09_HOU_NYG,2006,REG,9,2006-11-05,Sunday,13:00,HOU,NYG,10,14,4,Giants Stadium,Home,outdoors,fieldturf,2006110505
120,2006_09_KC_STL,2006,REG,9,2006-11-05,Sunday,13:00,KC,STL,31,17,-14,Edward Jones Dome,Home,dome,fieldturf,2006110506
121,2006_09_NO_TB,2006,REG,9,2006-11-05,Sunday,13:00,NO,TB,31,14,-17,Raymond James Stadium,Home,outdoors,grass,2006110507
122,2006_09_DAL_WAS,2006,REG,9,2006-11-05,Sunday,13:00,DAL,WAS,19,22,3,FedExField,Home,outdoors,grass,2006110508
123,2006_09_MIN_SF,2006,REG,9,2006-11-05,Sunday,16:05,MIN,SF,3,9,6,Monster Park,Home,outdoors,grass,2006110509
124,2006_09_DEN_PIT,2006,REG,9,2006-11-05,Sunday,16:15,DEN,PIT,31,20,-11,Heinz Field,Home,outdoors,dessograss,2006110510
125,2006_09_CLE_SD,2006,REG,9,2006-11-05,Sunday,16:15,CLE,SD,25,32,7,Qualcomm Stadium,Home,outdoors,grass,2006110511
126,2006_09_IND_NE,2006,REG,9,2006-11-05,Sunday,20:15,IND,NE,27,20,-7,Gillette Stadium,Home,outdoors,grass,2006110512
127,2006_09_OAK_SEA,2006,REG,9,2006-11-06,Monday,20:30,OAK,SEA,0,16,16,Qwest Field,Home,outdoors,fieldturf,2006110600
128,2006_10_CLE_ATL,2006,REG,10,2006-11-12,Sunday,13:00,CLE,ATL,17,13,-4,Georgia Dome,Home,dome,fieldturf,2006111200
129,2006_10_SD_CIN,2006,REG,10,2006-11-12,Sunday,13:00,SD,CIN,49,41,-8,Paul Brown Stadium,Home,outdoors,fieldturf,2006111201
130,2006_10_SF_DET,2006,REG,10,2006-11-12,Sunday,13:00,SF,DET,19,13,-6,Ford Field,Home,dome,fieldturf,2006111202
131,2006_10_BUF_IND,2006,REG,10,2006-11-12,Sunday,13:00,BUF,IND,16,17,1,RCA Dome,Home,dome,fieldturf,2006111203
132,2006_10_HOU_JAX,2006,REG,10,2006-11-12,Sunday,13:00,HOU,JAX,13,10,-3,Alltel Stadium,Home,outdoors,grass,2006111204
133,2006_10_KC_MIA,2006,REG,10,2006-11-12,Sunday,13:00,KC,MIA,10,13,3,Dolphin Stadium,Home,outdoors,grass,2006111205
134,2006_10_GB_MIN,2006,REG,10,2006-11-12,Sunday,13:00,GB,MIN,23,17,-6,Hubert H. Humphrey Metrodome,Home,dome,fieldturf,2006111206
135,2006_10_NYJ_NE,2006,REG,10,2006-11-12,Sunday,13:00,NYJ,NE,17,14,-3,Gillette Stadium,Home,outdoors,grass,2006111207
136,2006_10_WAS_PHI,2006,REG,10,2006-11-12,Sunday,13:00,WAS,PHI,3,27,24,Lincoln Financial Field,Home,outdoors,grass,2006111209
137,2006_10_BAL_TEN,2006,REG,10,2006-11-12,Sunday,13:00,BAL,TEN,27,26,-1,LP Field,Home,outdoors,grass,2006111211
138,2006_10_DEN_OAK,2006,REG,10,2006-11-12,Sunday,16:05,DEN,OAK,17,13,-4,McAfee Coliseum,Home,outdoors,grass,2006111212
139,2006_10_DAL_ARI,2006,REG,10,2006-11-12,Sunday,16:15,DAL,ARI,27,10,-17,University of Phoenix Stadium,Home,open,grass,2006111213
140,2006_10_NO_PIT,2006,REG,10,2006-11-12,Sunday,16:15,NO,PIT,31,38,7,Heinz Field,Home,outdoors,dessograss,2006111210
141,2006_10_STL_SEA,2006,REG,10,2006-11-12,Sunday,16:15,STL,SEA,22,24,2,Qwest Field,Home,outdoors,fieldturf,2006111214
142,2006_10_CHI_NYG,2006,REG,10,2006-11-12,Sunday,20:15,CHI,NYG,38,20,-18,Giants Stadium,Home,outdoors,fieldturf,2006111208
143,2006_10_TB_CAR,2006,REG,10,2006-11-13,Monday,20:30,TB,CAR,10,24,14,Bank of America Stadium,Home,outdoors,grass,2006111300
144,2006_11_ATL_BAL,2006,REG,11,2006-11-19,Sunday,13:00,ATL,BAL,10,24,14,M&T Bank Stadium,Home,outdoors,sportturf,2006111900
145,2006_11_STL_CAR,2006,REG,11,2006-11-19,Sunday,13:00,STL,CAR,0,15,15,Bank of America Stadium,Home,outdoors,grass,2006111901
146,2006_11_PIT_CLE,2006,REG,11,2006-11-19,Sunday,13:00,PIT,CLE,24,20,-4,Cleveland Browns Stadium,Home,outdoors,grass,2006111902
147,2006_11_NE_GB,2006,REG,11,2006-11-19,Sunday,13:00,NE,GB,35,0,-35,Lambeau Field,Home,outdoors,grass,2006111904
148,2006_11_BUF_HOU,2006,REG,11,2006-11-19,Sunday,13:00,BUF,HOU,24,21,-3,Reliant Stadium,Home,open,grass,2006111905
149,2006_11_OAK_KC,2006,REG,11,2006-11-19,Sunday,13:00,OAK,KC,13,17,4,Arrowhead Stadium,Home,outdoors,grass,2006111906
150,2006_11_MIN_MIA,2006,REG,11,2006-11-19,Sunday,13:00,MIN,MIA,20,24,4,Dolphin Stadium,Home,outdoors,grass,2006111907
151,2006_11_CIN_NO,2006,REG,11,2006-11-19,Sunday,13:00,CIN,NO,31,16,-15,Louisiana Superdome,Home,dome,fieldturf,2006111908
152,2006_11_CHI_NYJ,2006,REG,11,2006-11-19,Sunday,13:00,CHI,NYJ,10,0,-10,Giants Stadium,Home,outdoors,fieldturf,2006111909
153,2006_11_TEN_PHI,2006,REG,11,2006-11-19,Sunday,13:00,TEN,PHI,31,13,-18,Lincoln Financial Field,Home,outdoors,grass,2006111910
154,2006_11_WAS_TB,2006,REG,11,2006-11-19,Sunday,13:00,WAS,TB,17,20,3,Raymond James Stadium,Home,outdoors,grass,2006111911
155,2006_11_DET_ARI,2006,REG,11,2006-11-19,Sunday,16:05,DET,ARI,10,17,7,University of Phoenix Stadium,Home,closed,grass,2006111912
156,2006_11_SEA_SF,2006,REG,11,2006-11-19,Sunday,16:05,SEA,SF,14,20,6,Monster Park,Home,outdoors,grass,2006111913
157,2006_11_IND_DAL,2006,REG,11,2006-11-19,Sunday,16:15,IND,DAL,14,21,7,Texas Stadium,Home,outdoors,fieldturf,2006111903
158,2006_11_SD_DEN,2006,REG,11,2006-11-19,Sunday,20:15,SD,DEN,35,27,-8,Invesco Field at Mile High,Home,outdoors,grass,2006111914
159,2006_11_NYG_JAX,2006,REG,11,2006-11-20,Monday,20:30,NYG,JAX,10,26,16,Alltel Stadium,Home,outdoors,grass,2006112000
160,2006_12_MIA_DET,2006,REG,12,2006-11-23,Thursday,12:30,MIA,DET,27,10,-17,Ford Field,Home,dome,fieldturf,2006112300
161,2006_12_TB_DAL,2006,REG,12,2006-11-23,Thursday,16:25,TB,DAL,10,38,28,Texas Stadium,Home,outdoors,fieldturf,2006112301
162,2006_12_DEN_KC,2006,REG,12,2006-11-23,Thursday,20:00,DEN,KC,10,19,9,Arrowhead Stadium,Home,outdoors,grass,2006112302
163,2006_12_NO_ATL,2006,REG,12,2006-11-26,Sunday,13:00,NO,ATL,31,13,-18,Georgia Dome,Home,dome,fieldturf,2006112600
164,2006_12_PIT_BAL,2006,REG,12,2006-11-26,Sunday,13:00,PIT,BAL,0,27,27,M&T Bank Stadium,Home,outdoors,sportturf,2006112601
165,2006_12_JAX_BUF,2006,REG,12,2006-11-26,Sunday,13:00,JAX,BUF,24,27,3,Ralph Wilson Stadium,Home,outdoors,astroplay,2006112602
166,2006_12_CIN_CLE,2006,REG,12,2006-11-26,Sunday,13:00,CIN,CLE,30,0,-30,Cleveland Browns Stadium,Home,outdoors,grass,2006112603
167,2006_12_ARI_MIN,2006,REG,12,2006-11-26,Sunday,13:00,ARI,MIN,26,31,5,Hubert H. Humphrey Metrodome,Home,dome,fieldturf,2006112605
168,2006_12_HOU_NYJ,2006,REG,12,2006-11-26,Sunday,13:00,HOU,NYJ,11,26,15,Giants Stadium,Home,outdoors,fieldturf,2006112607
169,2006_12_SF_STL,2006,REG,12,2006-11-26,Sunday,13:00,SF,STL,17,20,3,Edward Jones Dome,Home,dome,fieldturf,2006112608
170,2006_12_CAR_WAS,2006,REG,12,2006-11-26,Sunday,13:00,CAR,WAS,13,17,4,FedExField,Home,outdoors,grass,2006112610
171,2006_12_OAK_SD,2006,REG,12,2006-11-26,Sunday,16:05,OAK,SD,14,21,7,Qualcomm Stadium,Home,outdoors,grass,2006112611
172,2006_12_CHI_NE,2006,REG,12,2006-11-26,Sunday,16:15,CHI,NE,13,17,4,Gillette Stadium,Home,outdoors,fieldturf,2006112606
173,2006_12_NYG_TEN,2006,REG,12,2006-11-26,Sunday,16:15,NYG,TEN,21,24,3,LP Field,Home,outdoors,grass,2006112609
174,2006_12_PHI_IND,2006,REG,12,2006-11-26,Sunday,20:15,PHI,IND,21,45,24,RCA Dome,Home,dome,fieldturf,2006112604
175,2006_12_GB_SEA,2006,REG,12,2006-11-27,Monday,20:30,GB,SEA,24,34,10,Qwest Field,Home,outdoors,fieldturf,2006112700
176,2006_13_BAL_CIN,2006,REG,13,2006-11-30,Thursday,20:00,BAL,CIN,7,13,6,Paul Brown Stadium,Home,outdoors,fieldturf,2006113000
177,2006_13_SD_BUF,2006,REG,13,2006-12-03,Sunday,13:00,SD,BUF,24,21,-3,Ralph Wilson Stadium,Home,outdoors,astroplay,2006120312
178,2006_13_MIN_CHI,2006,REG,13,2006-12-03,Sunday,13:00,MIN,CHI,13,23,10,Soldier Field,Home,outdoors,grass,2006120313
179,2006_13_KC_CLE,2006,REG,13,2006-12-03,Sunday,13:00,KC,CLE,28,31,3,Cleveland Browns Stadium,Home,outdoors,grass,2006120300
180,2006_13_NYJ_GB,2006,REG,13,2006-12-03,Sunday,13:00,NYJ,GB,38,10,-28,Lambeau Field,Home,outdoors,grass,2006120301
181,2006_13_DET_NE,2006,REG,13,2006-12-03,Sunday,13:00,DET,NE,21,28,7,Gillette Stadium,Home,outdoors,fieldturf,2006120303
182,2006_13_SF_NO,2006,REG,13,2006-12-03,Sunday,13:00,SF,NO,10,34,24,Louisiana Superdome,Home,dome,fieldturf,2006120304
183,2006_13_ARI_STL,2006,REG,13,2006-12-03,Sunday,13:00,ARI,STL,34,20,-14,Edward Jones Dome,Home,dome,fieldturf,2006120307
184,2006_13_IND_TEN,2006,REG,13,2006-12-03,Sunday,13:00,IND,TEN,17,20,3,LP Field,Home,outdoors,grass,2006120308
185,2006_13_ATL_WAS,2006,REG,13,2006-12-03,Sunday,13:00,ATL,WAS,24,14,-10,FedExField,Home,outdoors,grass,2006120309
186,2006_13_JAX_MIA,2006,REG,13,2006-12-03,Sunday,16:05,JAX,MIA,24,10,-14,Dolphin Stadium,Home,outdoors,grass,2006120302
187,2006_13_HOU_OAK,2006,REG,13,2006-12-03,Sunday,16:05,HOU,OAK,23,14,-9,McAfee Coliseum,Home,outdoors,grass,2006120310
188,2006_13_DAL_NYG,2006,REG,13,2006-12-03,Sunday,16:15,DAL,NYG,23,20,-3,Giants Stadium,Home,outdoors,fieldturf,2006120305
189,2006_13_TB_PIT,2006,REG,13,2006-12-03,Sunday,16:15,TB,PIT,3,20,17,Heinz Field,Home,outdoors,dessograss,2006120306
190,2006_13_SEA_DEN,2006,REG,13,2006-12-03,Sunday,20:15,SEA,DEN,23,20,-3,Invesco Field at Mile High,Home,outdoors,grass,2006120311
191,2006_13_CAR_PHI,2006,REG,13,2006-12-04,Monday,20:30,CAR,PHI,24,27,3,Lincoln Financial Field,Home,outdoors,grass,2006120400
192,2006_14_CLE_PIT,2006,REG,14,2006-12-07,Thursday,20:00,CLE,PIT,7,27,20,Heinz Field,Home,outdoors,dessograss,2006120700
193,2006_14_NYG_CAR,2006,REG,14,2006-12-10,Sunday,13:00,NYG,CAR,27,13,-14,Bank of America Stadium,Home,outdoors,grass,2006121000
194,2006_14_OAK_CIN,2006,REG,14,2006-12-10,Sunday,13:00,OAK,CIN,10,27,17,Paul Brown Stadium,Home,outdoors,fieldturf,2006121001
195,2006_14_MIN_DET,2006,REG,14,2006-12-10,Sunday,13:00,MIN,DET,30,20,-10,Ford Field,Home,dome,fieldturf,2006121003
196,2006_14_TEN_HOU,2006,REG,14,2006-12-10,Sunday,13:00,TEN,HOU,26,20,-6,Reliant Stadium,Home,closed,grass,2006121004
197,2006_14_IND_JAX,2006,REG,14,2006-12-10,Sunday,13:00,IND,JAX,17,44,27,Alltel Stadium,Home,outdoors,grass,2006121005
198,2006_14_BAL_KC,2006,REG,14,2006-12-10,Sunday,13:00,BAL,KC,20,10,-10,Arrowhead Stadium,Home,outdoors,grass,2006121006
199,2006_14_NE_MIA,2006,REG,14,2006-12-10,Sunday,13:00,NE,MIA,0,21,21,Dolphin Stadium,Home,outdoors,grass,2006121007
200,2006_14_ATL_TB,2006,REG,14,2006-12-10,Sunday,13:00,ATL,TB,17,6,-11,Raymond James Stadium,Home,outdoors,grass,2006121009
201,2006_14_PHI_WAS,2006,REG,14,2006-12-10,Sunday,13:00,PHI,WAS,21,19,-2,FedExField,Home,outdoors,grass,2006121010
202,2006_14_SEA_ARI,2006,REG,14,2006-12-10,Sunday,16:05,SEA,ARI,21,27,6,University of Phoenix Stadium,Home,closed,grass,2006121011
203,2006_14_GB_SF,2006,REG,14,2006-12-10,Sunday,16:05,GB,SF,30,19,-11,Monster Park,Home,outdoors,grass,2006121012
204,2006_14_BUF_NYJ,2006,REG,14,2006-12-10,Sunday,16:15,BUF,NYJ,31,13,-18,Giants Stadium,Home,outdoors,fieldturf,2006121008
205,2006_14_DEN_SD,2006,REG,14,2006-12-10,Sunday,16:15,DEN,SD,20,48,28,Qualcomm Stadium,Home,outdoors,grass,2006121013
206,2006_14_NO_DAL,2006,REG,14,2006-12-10,Sunday,20:15,NO,DAL,42,17,-25,Texas Stadium,Home,outdoors,fieldturf,2006121002
207,2006_14_CHI_STL,2006,REG,14,2006-12-11,Monday,20:30,CHI,STL,42,27,-15,Edward Jones Dome,Home,dome,fieldturf,2006121100
208,2006_15_SF_SEA,2006,REG,15,2006-12-14,Thursday,20:00,SF,SEA,24,14,-10,Qwest Field,Home,outdoors,fieldturf,2006121400
209,2006_15_DAL_ATL,2006,REG,15,2006-12-16,Saturday,20:00,DAL,ATL,38,28,-10,Georgia Dome,Home,dome,fieldturf,2006121600
210,2006_15_CLE_BAL,2006,REG,15,2006-12-17,Sunday,13:00,CLE,BAL,17,27,10,M&T Bank Stadium,Home,outdoors,sportturf,2006121700
211,2006_15_MIA_BUF,2006,REG,15,2006-12-17,Sunday,13:00,MIA,BUF,0,21,21,Ralph Wilson Stadium,Home,outdoors,astroplay,2006121701
212,2006_15_PIT_CAR,2006,REG,15,2006-12-17,Sunday,13:00,PIT,CAR,37,3,-34,Bank of America Stadium,Home,outdoors,grass,2006121702
213,2006_15_TB_CHI,2006,REG,15,2006-12-17,Sunday,13:00,TB,CHI,31,34,3,Soldier Field,Home,outdoors,grass,2006121703
214,2006_15_DET_GB,2006,REG,15,2006-12-17,Sunday,13:00,DET,GB,9,17,8,Lambeau Field,Home,outdoors,grass,2006121704
215,2006_15_NYJ_MIN,2006,REG,15,2006-12-17,Sunday,13:00,NYJ,MIN,26,13,-13,Hubert H. Humphrey Metrodome,Home,dome,fieldturf,2006121705
216,2006_15_HOU_NE,2006,REG,15,2006-12-17,Sunday,13:00,HOU,NE,7,40,33,Gillette Stadium,Home,outdoors,fieldturf,2006121706
217,2006_15_WAS_NO,2006,REG,15,2006-12-17,Sunday,13:00,WAS,NO,16,10,-6,Louisiana Superdome,Home,dome,fieldturf,2006121712
218,2006_15_JAX_TEN,2006,REG,15,2006-12-17,Sunday,13:00,JAX,TEN,17,24,7,LP Field,Home,outdoors,grass,2006121708
219,2006_15_DEN_ARI,2006,REG,15,2006-12-17,Sunday,16:05,DEN,ARI,37,20,-17,University of Phoenix Stadium,Home,open,grass,2006121709
220,2006_15_PHI_NYG,2006,REG,15,2006-12-17,Sunday,16:15,PHI,NYG,36,22,-14,Giants Stadium,Home,outdoors,fieldturf,2006121707
221,2006_15_STL_OAK,2006,REG,15,2006-12-17,Sunday,16:15,STL,OAK,20,0,-20,McAfee Coliseum,Home,outdoors,grass,2006121711
222,2006_15_KC_SD,2006,REG,15,2006-12-17,Sunday,20:15,KC,SD,9,20,11,Qualcomm Stadium,Home,outdoors,grass,2006121710
223,2006_15_CIN_IND,2006,REG,15,2006-12-18,Monday,20:30,CIN,IND,16,34,18,RCA Dome,Home,dome,fieldturf,2006121800
224,2006_16_MIN_GB,2006,REG,16,2006-12-21,Thursday,20:00,MIN,GB,7,9,2,Lambeau Field,Home,outdoors,grass,2006122100
225,2006_16_KC_OAK,2006,REG,16,2006-12-23,Saturday,20:00,KC,OAK,20,9,-11,McAfee Coliseum,Home,outdoors,grass,2006122300
226,2006_16_CAR_ATL,2006,REG,16,2006-12-24,Sunday,13:00,CAR,ATL,10,3,-7,Georgia Dome,Home,dome,fieldturf,2006122400
227,2006_16_TEN_BUF,2006,REG,16,2006-12-24,Sunday,13:00,TEN,BUF,30,29,-1,Ralph Wilson Stadium,Home,outdoors,astroplay,2006122401
228,2006_16_TB_CLE,2006,REG,16,2006-12-24,Sunday,13:00,TB,CLE,22,7,-15,Cleveland Browns Stadium,Home,outdoors,grass,2006122402
229,2006_16_CHI_DET,2006,REG,16,2006-12-24,Sunday,13:00,CHI,DET,26,21,-5,Ford Field,Home,dome,fieldturf,2006122403
230,2006_16_IND_HOU,2006,REG,16,2006-12-24,Sunday,13:00,IND,HOU,24,27,3,Reliant Stadium,Home,closed,grass,2006122404
231,2006_16_NE_JAX,2006,REG,16,2006-12-24,Sunday,13:00,NE,JAX,24,21,-3,Alltel Stadium,Home,outdoors,grass,2006122405
232,2006_16_NO_NYG,2006,REG,16,2006-12-24,Sunday,13:00,NO,NYG,30,7,-23,Giants Stadium,Home,outdoors,fieldturf,2006122406
233,2006_16_BAL_PIT,2006,REG,16,2006-12-24,Sunday,13:00,BAL,PIT,31,7,-24,Heinz Field,Home,outdoors,dessograss,2006122407
234,2006_16_WAS_STL,2006,REG,16,2006-12-24,Sunday,13:00,WAS,STL,31,37,6,Edward Jones Dome,Home,dome,fieldturf,2006122408
235,2006_16_ARI_SF,2006,REG,16,2006-12-24,Sunday,16:05,ARI,SF,26,20,-6,Monster Park,Home,outdoors,grass,2006122409
236,2006_16_CIN_DEN,2006,REG,16,2006-12-24,Sunday,16:15,CIN,DEN,23,24,1,Invesco Field at Mile High,Home,outdoors,grass,2006122410
237,2006_16_SD_SEA,2006,REG,16,2006-12-24,Sunday,16:15,SD,SEA,20,17,-3,Qwest Field,Home,outdoors,fieldturf,2006122411
238,2006_16_PHI_DAL,2006,REG,16,2006-12-25,Monday,17:00,PHI,DAL,23,7,-16,Texas Stadium,Home,outdoors,fieldturf,2006122500
239,2006_16_NYJ_MIA,2006,REG,16,2006-12-25,Monday,20:30,NYJ,MIA,13,10,-3,Dolphin Stadium,Home,outdoors,grass,2006122501
240,2006_17_NYG_WAS,2006,REG,17,2006-12-30,Saturday,20:00,NYG,WAS,34,28,-6,FedExField,Home,outdoors,grass,2006123000
241,2006_17_PIT_CIN,2006,REG,17,2006-12-31,Sunday,13:00,PIT,CIN,23,17,-6,Paul Brown Stadium,Home,outdoors,fieldturf,2006123102
242,2006_17_DET_DAL,2006,REG,17,2006-12-31,Sunday,13:00,DET,DAL,39,31,-8,Texas Stadium,Home,outdoors,fieldturf,2006123103
243,2006_17_CLE_HOU,2006,REG,17,2006-12-31,Sunday,13:00,CLE,HOU,6,14,8,Reliant Stadium,Home,open,grass,2006123104
244,2006_17_JAX_KC,2006,REG,17,2006-12-31,Sunday,13:00,JAX,KC,30,35,5,Arrowhead Stadium,Home,outdoors,grass,2006123106
245,2006_17_STL_MIN,2006,REG,17,2006-12-31,Sunday,13:00,STL,MIN,41,21,-20,Hubert H. Humphrey Metrodome,Home,dome,fieldturf,2006123107
246,2006_17_CAR_NO,2006,REG,17,2006-12-31,Sunday,13:00,CAR,NO,31,21,-10,Louisiana Superdome,Home,dome,fieldturf,2006123108
247,2006_17_OAK_NYJ,2006,REG,17,2006-12-31,Sunday,13:00,OAK,NYJ,3,23,20,Giants Stadium,Home,outdoors,fieldturf,2006123109
248,2006_17_SEA_TB,2006,REG,17,2006-12-31,Sunday,13:00,SEA,TB,23,7,-16,Raymond James Stadium,Home,outdoors,grass,2006123111
249,2006_17_NE_TEN,2006,REG,17,2006-12-31,Sunday,13:00,NE,TEN,40,23,-17,LP Field,Home,outdoors,grass,2006123112
250,2006_17_BUF_BAL,2006,REG,17,2006-12-31,Sunday,16:15,BUF,BAL,7,19,12,M&T Bank Stadium,Home,outdoors,sportturf,2006123100
251,2006_17_SF_DEN,2006,REG,17,2006-12-31,Sunday,16:15,SF,DEN,26,23,-3,Invesco Field at Mile High,Home,outdoors,grass,2006123113
252,2006_17_MIA_IND,2006,REG,17,2006-12-31,Sunday,16:15,MIA,IND,22,27,5,RCA Dome,Home,dome,fieldturf,2006123105
253,2006_17_ATL_PHI,2006,REG,17,2006-12-31,Sunday,16:15,ATL,PHI,17,24,7,Lincoln Financial Field,Home,outdoors,grass,2006123110
254,2006_17_ARI_SD,2006,REG,17,2006-12-31,Sunday,16:15,ARI,SD,20,27,7,Qualcomm Stadium,Home,outdoors,grass,2006123114
255,2006_17_GB_CHI,2006,REG,17,2006-12-31,Sunday,20:15,GB,CHI,26,7,-19,Soldier Field,Home,outdoors,grass,2006123101
256,2006_18_KC_IND,2006,WC,18,2007-01-06,Saturday,16:30,KC,IND,8,23,15,RCA Dome,Home,dome,fieldturf,2007010601
257,2006_18_DAL_SEA,2006,WC,18,2007-01-06,Saturday,20:00,DAL,SEA,20,21,1,Qwest Field,Home,outdoors,fieldturf,2007010600
258,2006_18_NYJ_NE,2006,WC,18,2007-01-07,Sunday,13:00,NYJ,NE,16,37,21,Gillette Stadium,Home,outdoors,fieldturf,2007010701
259,2006_18_NYG_PHI,2006,WC,18,2007-01-07,Sunday,16:35,NYG,PHI,20,23,3,Lincoln Financial Field,Home,outdoors,grass,2007010700
260,2006_19_IND_BAL,2006,DIV,19,2007-01-13,Saturday,16:30,IND,BAL,15,6,-9,M&T Bank Stadium,Home,outdoors,sportturf,2007011301
261,2006_19_PHI_NO,2006,DIV,19,2007-01-13,Saturday,20:00,PHI,NO,24,27,3,Louisiana Superdome,Home,dome,fieldturf,2007011300
262,2006_19_SEA_CHI,2006,DIV,19,2007-01-14,Sunday,13:00,SEA,CHI,24,27,3,Soldier Field,Home,outdoors,grass,2007011400
263,2006_19_NE_SD,2006,DIV,19,2007-01-14,Sunday,16:30,NE,SD,24,21,-3,Qualcomm Stadium,Home,outdoors,grass,2007011401
264,2006_20_NO_CHI,2006,CON,20,2007-01-21,Sunday,15:00,NO,CHI,14,39,25,Soldier Field,Home,outdoors,grass,2007012100
265,2006_20_NE_IND,2006,CON,20,2007-01-21,Sunday,18:30,NE,IND,34,38,4,RCA Dome,Home,dome,fieldturf,2007012101
266,2006_21_IND_CHI,2006,SB,21,2007-02-04,Sunday,18:25,IND,CHI,29,17,-12,Dolphin Stadium,Neutral,outdoors,grass,2007020400
