,game_id,season,game_type,week,gameday,weekday,gametime,away_team,home_team,away_score,home_score,home_result,stadium,location,roof,surface,old_game_id
0,2017_01_KC_NE,2017,REG,1,2017-09-07,Thursday,20:30,KC,NE,42,27,-15,Gillette Stadium,Home,outdoors,fieldturf,2017090700
1,2017_01_NYJ_BUF,2017,REG,1,2017-09-10,Sunday,13:00,NYJ,BUF,12,21,9,New Era Field,Home,outdoors,a_turf,2017091000
2,2017_01_ATL_CHI,2017,REG,1,2017-09-10,Sunday,13:00,ATL,CHI,23,17,-6,Soldier Field,Home,outdoors,grass,2017091001
3,2017_01_BAL_CIN,2017,REG,1,2017-09-10,Sunday,13:00,BAL,CIN,20,0,-20,Paul Brown Stadium,Home,outdoors,fieldturf,2017091002
4,2017_01_PIT_CLE,2017,REG,1,2017-09-10,Sunday,13:00,PIT,CLE,21,18,-3,FirstEnergy Stadium,Home,outdoors,grass,2017091003
5,2017_01_ARI_DET,2017,REG,1,2017-09-10,Sunday,13:00,ARI,DET,23,35,12,Ford Field,Home,dome,fieldturf,2017091004
6,2017_01_JAX_HOU,2017,REG,1,2017-09-10,Sunday,13:00,JAX,HOU,29,7,-22,NRG Stadium,Home,open,astroturf,2017091005
7,2017_01_OAK_TEN,2017,REG,1,2017-09-10,Sunday,13:00,OAK,TEN,26,16,-10,Nissan Stadium,Home,outdoors,grass,2017091007
8,2017_01_PHI_WAS,2017,REG,1,2017-09-10,Sunday,13:00,PHI,WAS,30,17,-13,FedExField,Home,outdoors,grass,2017091008
9,2017_01_IND_LA,2017,REG,1,2017-09-10,Sunday,16:05,IND,LA,9,46,37,Los Angeles Memorial Coliseum,Home,outdoors,grass,2017091009
10,2017_01_SEA_GB,2017,REG,1,2017-09-10,Sunday,16:25,SEA,GB,9,17,8,Lambeau Field,Home,outdoors,grass,2017091010
11,2017_01_CAR_SF,2017,REG,1,2017-09-10,Sunday,16:25,CAR,SF,23,3,-20,Levi's Stadium,Home,outdoors,grass,2017091011
12,2017_01_NYG_DAL,2017,REG,1,2017-09-10,Sunday,20:30,NYG,DAL,3,19,16,AT&T Stadium,Home,closed,matrixturf,2017091012
13,2017_01_NO_MIN,2017,REG,1,2017-09-11,Monday,19:10,NO,MIN,19,29,10,U.S. Bank Stadium,Home,dome,sportturf,2017091100
14,2017_01_LAC_DEN,2017,REG,1,2017-09-11,Monday,22:20,LAC,DEN,21,24,3,Sports Authority Field at Mile High,Home,outdoors,grass,2017091101
15,2017_02_HOU_CIN,2017,REG,2,2017-09-14,Thursday,20:25,HOU,CIN,13,9,-4,Paul Brown Stadium,Home,outdoors,fieldturf,2017091400
16,2017_02_CLE_BAL,2017,REG,2,2017-09-17,Sunday,13:00,CLE,BAL,10,24,14,M&T Bank Stadium,Home,outdoors,grass,2017091700
17,2017_02_BUF_CAR,2017,REG,2,2017-09-17,Sunday,13:00,BUF,CAR,3,9,6,Bank of America Stadium,Home,outdoors,grass,2017091701
18,2017_02_ARI_IND,2017,REG,2,2017-09-17,Sunday,13:00,ARI,IND,16,13,-3,Lucas Oil Stadium,Home,closed,fieldturf,2017091702
19,2017_02_TEN_JAX,2017,REG,2,2017-09-17,Sunday,13:00,TEN,JAX,37,16,-21,EverBank Field,Home,outdoors,grass,2017091703
20,2017_02_PHI_KC,2017,REG,2,2017-09-17,Sunday,13:00,PHI,KC,20,27,7,Arrowhead Stadium,Home,outdoors,grass,2017091704
21,2017_02_NE_NO,2017,REG,2,2017-09-17,Sunday,13:00,NE,NO,36,20,-16,Mercedes-Benz Superdome,Home,dome,sportturf,2017091705
22,2017_02_MIN_PIT,2017,REG,2,2017-09-17,Sunday,13:00,MIN,PIT,9,26,17,Heinz Field,Home,outdoors,grass,2017091706
23,2017_02_CHI_TB,2017,REG,2,2017-09-17,Sunday,13:00,CHI,TB,7,29,22,Raymond James Stadium,Home,outdoors,grass,2017091707
24,2017_02_MIA_LAC,2017,REG,2,2017-09-17,Sunday,16:05,MIA,LAC,19,17,-2,StubHub Center,Home,outdoors,grass,2017091708
25,2017_02_NYJ_OAK,2017,REG,2,2017-09-17,Sunday,16:05,NYJ,OAK,20,45,25,Oakland-Alameda County Coliseum,Home,outdoors,grass,2017091709
26,2017_02_DAL_DEN,2017,REG,2,2017-09-17,Sunday,16:25,DAL,DEN,17,42,25,Sports Authority Field at Mile High,Home,outdoors,grass,2017091710
27,2017_02_WAS_LA,2017,REG,2,2017-09-17,Sunday,16:25,WAS,LA,27,20,-7,Los Angeles Memorial Coliseum,Home,outdoors,grass,2017091711
28,2017_02_SF_SEA,2017,REG,2,2017-09-17,Sunday,16:25,SF,SEA,9,12,3,CenturyLink Field,Home,outdoors,fieldturf,2017091712
29,2017_02_GB_ATL,2017,REG,2,2017-09-17,Sunday,20:30,GB,ATL,23,34,11,Mercedes-Benz Stadium,Home,open,fieldturf,2017091713
30,2017_02_DET_NYG,2017,REG,2,2017-09-18,Monday,20:30,DET,NYG,24,10,-14,MetLife Stadium,Home,outdoors,fieldturf,2017091800
31,2017_03_LA_SF,2017,REG,3,2017-09-21,Thursday,20:25,LA,SF,41,39,-2,Levi's Stadium,Home,outdoors,grass,2017092100
32,2017_03_DEN_BUF,2017,REG,3,2017-09-24,Sunday,13:00,DEN,BUF,16,26,10,New Era Field,Home,outdoors,a_turf,2017092401
33,2017_03_NO_CAR,2017,REG,3,2017-09-24,Sunday,13:00,NO,CAR,34,13,-21,Bank of America Stadium,Home,outdoors,grass,2017092402
34,2017_03_PIT_CHI,2017,REG,3,2017-09-24,Sunday,13:00,PIT,CHI,17,23,6,Soldier Field,Home,outdoors,grass,2017092403
35,2017_03_ATL_DET,2017,REG,3,2017-09-24,Sunday,13:00,ATL,DET,30,26,-4,Ford Field,Home,dome,fieldturf,2017092404
36,2017_03_CLE_IND,2017,REG,3,2017-09-24,Sunday,13:00,CLE,IND,28,31,3,Lucas Oil Stadium,Home,closed,fieldturf,2017092405
37,2017_03_TB_MIN,2017,REG,3,2017-09-24,Sunday,13:00,TB,MIN,17,34,17,U.S. Bank Stadium,Home,dome,sportturf,2017092406
38,2017_03_HOU_NE,2017,REG,3,2017-09-24,Sunday,13:00,HOU,NE,33,36,3,Gillette Stadium,Home,outdoors,fieldturf,2017092407
39,2017_03_MIA_NYJ,2017,REG,3,2017-09-24,Sunday,13:00,MIA,NYJ,6,20,14,MetLife Stadium,Home,outdoors,fieldturf,2017092408
40,2017_03_NYG_PHI,2017,REG,3,2017-09-24,Sunday,13:00,NYG,PHI,24,27,3,Lincoln Financial Field,Home,outdoors,grass,2017092409
41,2017_03_SEA_TEN,2017,REG,3,2017-09-24,Sunday,16:05,SEA,TEN,27,33,6,Nissan Stadium,Home,outdoors,grass,2017092410
42,2017_03_CIN_GB,2017,REG,3,2017-09-24,Sunday,16:25,CIN,GB,24,27,3,Lambeau Field,Home,outdoors,grass,2017092411
43,2017_03_KC_LAC,2017,REG,3,2017-09-24,Sunday,16:25,KC,LAC,24,10,-14,StubHub Center,Home,outdoors,grass,2017092412
44,2017_03_OAK_WAS,2017,REG,3,2017-09-24,Sunday,20:30,OAK,WAS,10,27,17,FedExField,Home,outdoors,grass,2017092413
45,2017_03_BAL_JAX,2017,REG,3,2017-09-24,Sunday,21:30,BAL,JAX,7,44,37,Wembley Stadium,Neutral,outdoors,grass,2017092400
46,2017_03_DAL_ARI,2017,REG,3,2017-09-25,Monday,20:30,DAL,ARI,28,17,-11,University of Phoenix Stadium,Home,closed,grass,2017092500
47,2017_04_CHI_GB,2017,REG,4,2017-09-28,Thursday,20:25,CHI,GB,14,35,21,Lambeau Field,Home,outdoors,grass,2017092800
48,2017_04_BUF_ATL,2017,REG,4,2017-10-01,Sunday,13:00,BUF,ATL,23,17,-6,Mercedes-Benz Stadium,Home,closed,fieldturf,2017100101
49,2017_04_PIT_BAL,2017,REG,4,2017-10-01,Sunday,13:00,PIT,BAL,26,9,-17,M&T Bank Stadium,Home,outdoors,grass,2017100102
50,2017_04_CIN_CLE,2017,REG,4,2017-10-01,Sunday,13:00,CIN,CLE,31,7,-24,FirstEnergy Stadium,Home,outdoors,grass,2017100103
51,2017_04_LA_DAL,2017,REG,4,2017-10-01,Sunday,13:00,LA,DAL,35,30,-5,AT&T Stadium,Home,closed,matrixturf,2017100104
52,2017_04_TEN_HOU,2017,REG,4,2017-10-01,Sunday,13:00,TEN,HOU,14,57,43,NRG Stadium,Home,open,astroturf,2017100105
53,2017_04_DET_MIN,2017,REG,4,2017-10-01,Sunday,13:00,DET,MIN,14,7,-7,U.S. Bank Stadium,Home,dome,sportturf,2017100106
54,2017_04_CAR_NE,2017,REG,4,2017-10-01,Sunday,13:00,CAR,NE,33,30,-3,Gillette Stadium,Home,outdoors,fieldturf,2017100107
55,2017_04_JAX_NYJ,2017,REG,4,2017-10-01,Sunday,13:00,JAX,NYJ,20,23,3,MetLife Stadium,Home,outdoors,fieldturf,2017100108
56,2017_04_SF_ARI,2017,REG,4,2017-10-01,Sunday,16:05,SF,ARI,15,18,3,University of Phoenix Stadium,Home,closed,grass,2017100109
57,2017_04_PHI_LAC,2017,REG,4,2017-10-01,Sunday,16:05,PHI,LAC,26,24,-2,StubHub Center,Home,outdoors,grass,2017100110
58,2017_04_NYG_TB,2017,REG,4,2017-10-01,Sunday,16:05,NYG,TB,23,25,2,Raymond James Stadium,Home,outdoors,grass,2017100111
59,2017_04_OAK_DEN,2017,REG,4,2017-10-01,Sunday,16:25,OAK,DEN,10,16,6,Sports Authority Field at Mile High,Home,outdoors,grass,2017100112
60,2017_04_IND_SEA,2017,REG,4,2017-10-01,Sunday,20:30,IND,SEA,18,46,28,CenturyLink Field,Home,outdoors,fieldturf,2017100113
61,2017_04_NO_MIA,2017,REG,4,2017-10-01,Sunday,21:30,NO,MIA,20,0,-20,Wembley Stadium,Neutral,outdoors,grass,2017100100
62,2017_04_WAS_KC,2017,REG,4,2017-10-02,Monday,20:30,WAS,KC,20,29,9,Arrowhead Stadium,Home,outdoors,grass,2017100200
63,2017_05_NE_TB,2017,REG,5,2017-10-05,Thursday,20:25,NE,TB,19,14,-5,Raymond James Stadium,Home,outdoors,grass,2017100500
64,2017_05_BUF_CIN,2017,REG,5,2017-10-08,Sunday,13:00,BUF,CIN,16,20,4,Paul Brown Stadium,Home,outdoors,fieldturf,2017100800
65,2017_05_NYJ_CLE,2017,REG,5,2017-10-08,Sunday,13:00,NYJ,CLE,17,14,-3,FirstEnergy Stadium,Home,outdoors,grass,2017100801
66,2017_05_CAR_DET,2017,REG,5,2017-10-08,Sunday,13:00,CAR,DET,27,24,-3,Ford Field,Home,dome,fieldturf,2017100802
67,2017_05_SF_IND,2017,REG,5,2017-10-08,Sunday,13:00,SF,IND,23,26,3,Lucas Oil Stadium,Home,closed,fieldturf,2017100803
68,2017_05_TEN_MIA,2017,REG,5,2017-10-08,Sunday,13:00,TEN,MIA,10,16,6,Hard Rock Stadium,Home,outdoors,grass,2017100804
69,2017_05_LAC_NYG,2017,REG,5,2017-10-08,Sunday,13:00,LAC,NYG,27,22,-5,MetLife Stadium,Home,outdoors,fieldturf,2017100805
70,2017_05_ARI_PHI,2017,REG,5,2017-10-08,Sunday,13:00,ARI,PHI,7,34,27,Lincoln Financial Field,Home,outdoors,grass,2017100806
71,2017_05_JAX_PIT,2017,REG,5,2017-10-08,Sunday,13:00,JAX,PIT,30,9,-21,Heinz Field,Home,outdoors,grass,2017100807
72,2017_05_SEA_LA,2017,REG,5,2017-10-08,Sunday,16:05,SEA,LA,16,10,-6,Los Angeles Memorial Coliseum,Home,outdoors,grass,2017100808
73,2017_05_BAL_OAK,2017,REG,5,2017-10-08,Sunday,16:05,BAL,OAK,30,17,-13,Oakland-Alameda County Coliseum,Home,outdoors,grass,2017100809
74,2017_05_GB_DAL,2017,REG,5,2017-10-08,Sunday,16:25,GB,DAL,35,31,-4,AT&T Stadium,Home,closed,matrixturf,2017100810
75,2017_05_KC_HOU,2017,REG,5,2017-10-08,Sunday,20:30,KC,HOU,42,34,-8,NRG Stadium,Home,closed,astroturf,2017100811
76,2017_05_MIN_CHI,2017,REG,5,2017-10-09,Monday,20:30,MIN,CHI,20,17,-3,Soldier Field,Home,outdoors,grass,2017100900
77,2017_06_PHI_CAR,2017,REG,6,2017-10-12,Thursday,20:25,PHI,CAR,28,23,-5,Bank of America Stadium,Home,outdoors,grass,2017101200
78,2017_06_MIA_ATL,2017,REG,6,2017-10-15,Sunday,13:00,MIA,ATL,20,17,-3,Mercedes-Benz Stadium,Home,closed,fieldturf,2017101500
79,2017_06_CHI_BAL,2017,REG,6,2017-10-15,Sunday,13:00,CHI,BAL,27,24,-3,M&T Bank Stadium,Home,outdoors,grass,2017101501
80,2017_06_CLE_HOU,2017,REG,6,2017-10-15,Sunday,13:00,CLE,HOU,17,33,16,NRG Stadium,Home,closed,astroturf,2017101502
81,2017_06_GB_MIN,2017,REG,6,2017-10-15,Sunday,13:00,GB,MIN,10,23,13,U.S. Bank Stadium,Home,dome,sportturf,2017101503
82,2017_06_DET_NO,2017,REG,6,2017-10-15,Sunday,13:00,DET,NO,38,52,14,Mercedes-Benz Superdome,Home,dome,sportturf,2017101504
83,2017_06_NE_NYJ,2017,REG,6,2017-10-15,Sunday,13:00,NE,NYJ,24,17,-7,MetLife Stadium,Home,outdoors,fieldturf,2017101505
84,2017_06_SF_WAS,2017,REG,6,2017-10-15,Sunday,13:00,SF,WAS,24,26,2,FedExField,Home,outdoors,grass,2017101506
85,2017_06_TB_ARI,2017,REG,6,2017-10-15,Sunday,16:05,TB,ARI,33,38,5,University of Phoenix Stadium,Home,closed,grass,2017101507
86,2017_06_LA_JAX,2017,REG,6,2017-10-15,Sunday,16:05,LA,JAX,27,17,-10,EverBank Field,Home,outdoors,grass,2017101508
87,2017_06_PIT_KC,2017,REG,6,2017-10-15,Sunday,16:25,PIT,KC,19,13,-6,Arrowhead Stadium,Home,outdoors,grass,2017101509
88,2017_06_LAC_OAK,2017,REG,6,2017-10-15,Sunday,16:25,LAC,OAK,17,16,-1,Oakland-Alameda County Coliseum,Home,outdoors,grass,2017101510
89,2017_06_NYG_DEN,2017,REG,6,2017-10-15,Sunday,20:30,NYG,DEN,23,10,-13,Sports Authority Field at Mile High,Home,outdoors,grass,2017101511
90,2017_06_IND_TEN,2017,REG,6,2017-10-16,Monday,20:30,IND,TEN,22,36,14,Nissan Stadium,Home,outdoors,grass,2017101600
91,2017_07_KC_OAK,2017,REG,7,2017-10-19,Thursday,20:25,KC,OAK,30,31,1,Oakland-Alameda County Coliseum,Home,outdoors,grass,2017101900
92,2017_07_TB_BUF,2017,REG,7,2017-10-22,Sunday,13:00,TB,BUF,27,30,3,New Era Field,Home,outdoors,a_turf,2017102200
93,2017_07_CAR_CHI,2017,REG,7,2017-10-22,Sunday,13:00,CAR,CHI,3,17,14,Soldier Field,Home,outdoors,grass,2017102201
94,2017_07_TEN_CLE,2017,REG,7,2017-10-22,Sunday,13:00,TEN,CLE,12,9,-3,FirstEnergy Stadium,Home,outdoors,grass,2017102202
95,2017_07_NO_GB,2017,REG,7,2017-10-22,Sunday,13:00,NO,GB,26,17,-9,Lambeau Field,Home,outdoors,grass,2017102203
96,2017_07_JAX_IND,2017,REG,7,2017-10-22,Sunday,13:00,JAX,IND,27,0,-27,Lucas Oil Stadium,Home,closed,fieldturf,2017102204
97,2017_07_ARI_LA,2017,REG,7,2017-10-22,Sunday,13:00,ARI,LA,0,33,33,Twickenham Stadium,Neutral,outdoors,grass,2017102205
98,2017_07_NYJ_MIA,2017,REG,7,2017-10-22,Sunday,13:00,NYJ,MIA,28,31,3,Hard Rock Stadium,Home,outdoors,grass,2017102206
99,2017_07_BAL_MIN,2017,REG,7,2017-10-22,Sunday,13:00,BAL,MIN,16,24,8,U.S. Bank Stadium,Home,dome,sportturf,2017102207
100,2017_07_DAL_SF,2017,REG,7,2017-10-22,Sunday,16:05,DAL,SF,40,10,-30,Levi's Stadium,Home,outdoors,grass,2017102209
101,2017_07_DEN_LAC,2017,REG,7,2017-10-22,Sunday,16:25,DEN,LAC,0,21,21,StubHub Center,Home,outdoors,grass,2017102210
102,2017_07_SEA_NYG,2017,REG,7,2017-10-22,Sunday,16:25,SEA,NYG,24,7,-17,MetLife Stadium,Home,outdoors,fieldturf,2017102211
103,2017_07_CIN_PIT,2017,REG,7,2017-10-22,Sunday,16:25,CIN,PIT,14,29,15,Heinz Field,Home,outdoors,grass,2017102208
104,2017_07_ATL_NE,2017,REG,7,2017-10-22,Sunday,20:30,ATL,NE,7,23,16,Gillette Stadium,Home,outdoors,fieldturf,2017102212
105,2017_07_WAS_PHI,2017,REG,7,2017-10-23,Monday,20:30,WAS,PHI,24,34,10,Lincoln Financial Field,Home,outdoors,grass,2017102300
106,2017_08_MIA_BAL,2017,REG,8,2017-10-26,Thursday,20:25,MIA,BAL,0,40,40,M&T Bank Stadium,Home,outdoors,grass,2017102600
107,2017_08_OAK_BUF,2017,REG,8,2017-10-29,Sunday,13:00,OAK,BUF,14,34,20,New Era Field,Home,outdoors,a_turf,2017102901
108,2017_08_IND_CIN,2017,REG,8,2017-10-29,Sunday,13:00,IND,CIN,23,24,1,Paul Brown Stadium,Home,outdoors,fieldturf,2017102902
109,2017_08_LAC_NE,2017,REG,8,2017-10-29,Sunday,13:00,LAC,NE,13,21,8,Gillette Stadium,Home,outdoors,fieldturf,2017102903
110,2017_08_CHI_NO,2017,REG,8,2017-10-29,Sunday,13:00,CHI,NO,12,20,8,Mercedes-Benz Superdome,Home,dome,sportturf,2017102904
111,2017_08_ATL_NYJ,2017,REG,8,2017-10-29,Sunday,13:00,ATL,NYJ,25,20,-5,MetLife Stadium,Home,outdoors,fieldturf,2017102905
112,2017_08_SF_PHI,2017,REG,8,2017-10-29,Sunday,13:00,SF,PHI,10,33,23,Lincoln Financial Field,Home,outdoors,grass,2017102906
113,2017_08_CAR_TB,2017,REG,8,2017-10-29,Sunday,13:00,CAR,TB,17,3,-14,Raymond James Stadium,Home,outdoors,grass,2017102907
114,2017_08_HOU_SEA,2017,REG,8,2017-10-29,Sunday,16:05,HOU,SEA,38,41,3,CenturyLink Field,Home,outdoors,fieldturf,2017102908
115,2017_08_DAL_WAS,2017,REG,8,2017-10-29,Sunday,16:25,DAL,WAS,33,19,-14,FedExField,Home,outdoors,grass,2017102909
116,2017_08_PIT_DET,2017,REG,8,2017-10-29,Sunday,20:30,PIT,DET,20,15,-5,Ford Field,Home,dome,fieldturf,2017102910
117,2017_08_MIN_CLE,2017,REG,8,2017-10-29,Sunday,21:30,MIN,CLE,33,16,-17,Twickenham Stadium,Neutral,outdoors,grass,2017102900
118,2017_08_DEN_KC,2017,REG,8,2017-10-30,Monday,20:30,DEN,KC,19,29,10,Arrowhead Stadium,Home,outdoors,grass,2017103000
119,2017_09_BUF_NYJ,2017,REG,9,2017-11-02,Thursday,20:25,BUF,NYJ,21,34,13,MetLife Stadium,Home,outdoors,fieldturf,2017110200
120,2017_09_ATL_CAR,2017,REG,9,2017-11-05,Sunday,13:00,ATL,CAR,17,20,3,Bank of America Stadium,Home,outdoors,grass,2017110500
121,2017_09_IND_HOU,2017,REG,9,2017-11-05,Sunday,13:00,IND,HOU,20,14,-6,NRG Stadium,Home,closed,astroturf,2017110501
122,2017_09_CIN_JAX,2017,REG,9,2017-11-05,Sunday,13:00,CIN,JAX,7,23,16,EverBank Field,Home,outdoors,grass,2017110502
123,2017_09_TB_NO,2017,REG,9,2017-11-05,Sunday,13:00,TB,NO,10,30,20,Mercedes-Benz Superdome,Home,dome,sportturf,2017110503
124,2017_09_LA_NYG,2017,REG,9,2017-11-05,Sunday,13:00,LA,NYG,51,17,-34,MetLife Stadium,Home,outdoors,fieldturf,2017110504
125,2017_09_DEN_PHI,2017,REG,9,2017-11-05,Sunday,13:00,DEN,PHI,23,51,28,Lincoln Financial Field,Home,outdoors,grass,2017110505
126,2017_09_BAL_TEN,2017,REG,9,2017-11-05,Sunday,13:00,BAL,TEN,20,23,3,Nissan Stadium,Home,outdoors,grass,2017110506
127,2017_09_WAS_SEA,2017,REG,9,2017-11-05,Sunday,16:05,WAS,SEA,17,14,-3,CenturyLink Field,Home,outdoors,fieldturf,2017110508
128,2017_09_ARI_SF,2017,REG,9,2017-11-05,Sunday,16:05,ARI,SF,20,10,-10,Levi's Stadium,Home,outdoors,grass,2017110507
129,2017_09_KC_DAL,2017,REG,9,2017-11-05,Sunday,16:25,KC,DAL,17,28,11,AT&T Stadium,Home,closed,matrixturf,2017110509
130,2017_09_OAK_MIA,2017,REG,9,2017-11-05,Sunday,20:30,OAK,MIA,27,24,-3,Hard Rock Stadium,Home,outdoors,grass,2017110510
131,2017_09_DET_GB,2017,REG,9,2017-11-06,Monday,20:30,DET,GB,30,17,-13,Lambeau Field,Home,outdoors,grass,2017110600
132,2017_10_SEA_ARI,2017,REG,10,2017-11-09,Thursday,20:25,SEA,ARI,22,16,-6,University of Phoenix Stadium,Home,open,grass,2017110900
133,2017_10_NO_BUF,2017,REG,10,2017-11-12,Sunday,13:00,NO,BUF,47,10,-37,New Era Field,Home,outdoors,a_turf,2017111200
134,2017_10_GB_CHI,2017,REG,10,2017-11-12,Sunday,13:00,GB,CHI,23,16,-7,Soldier Field,Home,outdoors,grass,2017111201
135,2017_10_CLE_DET,2017,REG,10,2017-11-12,Sunday,13:00,CLE,DET,24,38,14,Ford Field,Home,dome,fieldturf,2017111202
136,2017_10_PIT_IND,2017,REG,10,2017-11-12,Sunday,13:00,PIT,IND,20,17,-3,Lucas Oil Stadium,Home,closed,fieldturf,2017111203
137,2017_10_LAC_JAX,2017,REG,10,2017-11-12,Sunday,13:00,LAC,JAX,17,20,3,EverBank Field,Home,outdoors,grass,2017111204
138,2017_10_NYJ_TB,2017,REG,10,2017-11-12,Sunday,13:00,NYJ,TB,10,15,5,Raymond James Stadium,Home,outdoors,grass,2017111205
139,2017_10_CIN_TEN,2017,REG,10,2017-11-12,Sunday,13:00,CIN,TEN,20,24,4,Nissan Stadium,Home,outdoors,grass,2017111206
140,2017_10_MIN_WAS,2017,REG,10,2017-11-12,Sunday,13:00,MIN,WAS,38,30,-8,FedExField,Home,outdoors,grass,2017111207
141,2017_10_HOU_LA,2017,REG,10,2017-11-12,Sunday,16:05,HOU,LA,7,33,26,Los Angeles Memorial Coliseum,Home,outdoors,grass,2017111208
142,2017_10_DAL_ATL,2017,REG,10,2017-11-12,Sunday,16:25,DAL,ATL,7,27,20,Mercedes-Benz Stadium,Home,closed,fieldturf,2017111209
143,2017_10_NYG_SF,2017,REG,10,2017-11-12,Sunday,16:25,NYG,SF,21,31,10,Levi's Stadium,Home,outdoors,grass,2017111210
144,2017_10_NE_DEN,2017,REG,10,2017-11-12,Sunday,20:30,NE,DEN,41,16,-25,Sports Authority Field at Mile High,Home,outdoors,grass,2017111211
145,2017_10_MIA_CAR,2017,REG,10,2017-11-13,Monday,20:30,MIA,CAR,21,45,24,Bank of America Stadium,Home,outdoors,grass,2017111300
146,2017_11_TEN_PIT,2017,REG,11,2017-11-16,Thursday,20:25,TEN,PIT,17,40,23,Heinz Field,Home,outdoors,grass,2017111600
147,2017_11_DET_CHI,2017,REG,11,2017-11-19,Sunday,13:00,DET,CHI,27,24,-3,Soldier Field,Home,outdoors,grass,2017111900
148,2017_11_JAX_CLE,2017,REG,11,2017-11-19,Sunday,13:00,JAX,CLE,19,7,-12,FirstEnergy Stadium,Home,outdoors,grass,2017111901
149,2017_11_BAL_GB,2017,REG,11,2017-11-19,Sunday,13:00,BAL,GB,23,0,-23,Lambeau Field,Home,outdoors,grass,2017111902
150,2017_11_ARI_HOU,2017,REG,11,2017-11-19,Sunday,13:00,ARI,HOU,21,31,10,NRG Stadium,Home,closed,astroturf,2017111903
151,2017_11_TB_MIA,2017,REG,11,2017-11-19,Sunday,13:00,TB,MIA,30,20,-10,Hard Rock Stadium,Home,outdoors,grass,2017111911
152,2017_11_LA_MIN,2017,REG,11,2017-11-19,Sunday,13:00,LA,MIN,7,24,17,U.S. Bank Stadium,Home,dome,sportturf,2017111904
153,2017_11_WAS_NO,2017,REG,11,2017-11-19,Sunday,13:00,WAS,NO,31,34,3,Mercedes-Benz Superdome,Home,dome,sportturf,2017111905
154,2017_11_KC_NYG,2017,REG,11,2017-11-19,Sunday,13:00,KC,NYG,9,12,3,MetLife Stadium,Home,outdoors,fieldturf,2017111906
155,2017_11_BUF_LAC,2017,REG,11,2017-11-19,Sunday,16:05,BUF,LAC,24,54,30,StubHub Center,Home,outdoors,grass,2017111907
156,2017_11_CIN_DEN,2017,REG,11,2017-11-19,Sunday,16:25,CIN,DEN,20,17,-3,Sports Authority Field at Mile High,Home,outdoors,grass,2017111908
157,2017_11_NE_OAK,2017,REG,11,2017-11-19,Sunday,16:25,NE,OAK,33,8,-25,Azteca Stadium,Neutral,outdoors,grass,2017111909
158,2017_11_PHI_DAL,2017,REG,11,2017-11-19,Sunday,20:30,PHI,DAL,37,9,-28,AT&T Stadium,Home,closed,matrixturf,2017111910
159,2017_11_ATL_SEA,2017,REG,11,2017-11-20,Monday,20:30,ATL,SEA,34,31,-3,CenturyLink Field,Home,outdoors,fieldturf,2017112000
160,2017_12_MIN_DET,2017,REG,12,2017-11-23,Thursday,12:30,MIN,DET,30,23,-7,Ford Field,Home,dome,fieldturf,2017112300
161,2017_12_LAC_DAL,2017,REG,12,2017-11-23,Thursday,16:30,LAC,DAL,28,6,-22,AT&T Stadium,Home,closed,matrixturf,2017112301
162,2017_12_NYG_WAS,2017,REG,12,2017-11-23,Thursday,20:30,NYG,WAS,10,20,10,FedExField,Home,outdoors,grass,2017112302
163,2017_12_TB_ATL,2017,REG,12,2017-11-26,Sunday,13:00,TB,ATL,20,34,14,Mercedes-Benz Stadium,Home,closed,fieldturf,2017112600
164,2017_12_CLE_CIN,2017,REG,12,2017-11-26,Sunday,13:00,CLE,CIN,16,30,14,Paul Brown Stadium,Home,outdoors,fieldturf,2017112601
165,2017_12_TEN_IND,2017,REG,12,2017-11-26,Sunday,13:00,TEN,IND,20,16,-4,Lucas Oil Stadium,Home,open,fieldturf,2017112602
166,2017_12_BUF_KC,2017,REG,12,2017-11-26,Sunday,13:00,BUF,KC,16,10,-6,Arrowhead Stadium,Home,outdoors,grass,2017112603
167,2017_12_MIA_NE,2017,REG,12,2017-11-26,Sunday,13:00,MIA,NE,17,35,18,Gillette Stadium,Home,outdoors,fieldturf,2017112604
168,2017_12_CAR_NYJ,2017,REG,12,2017-11-26,Sunday,13:00,CAR,NYJ,35,27,-8,MetLife Stadium,Home,outdoors,fieldturf,2017112605
169,2017_12_CHI_PHI,2017,REG,12,2017-11-26,Sunday,13:00,CHI,PHI,3,31,28,Lincoln Financial Field,Home,outdoors,grass,2017112606
170,2017_12_SEA_SF,2017,REG,12,2017-11-26,Sunday,16:05,SEA,SF,24,13,-11,Levi's Stadium,Home,outdoors,grass,2017112608
171,2017_12_JAX_ARI,2017,REG,12,2017-11-26,Sunday,16:25,JAX,ARI,24,27,3,University of Phoenix Stadium,Home,closed,grass,2017112609
172,2017_12_NO_LA,2017,REG,12,2017-11-26,Sunday,16:25,NO,LA,20,26,6,Los Angeles Memorial Coliseum,Home,outdoors,grass,2017112607
173,2017_12_DEN_OAK,2017,REG,12,2017-11-26,Sunday,16:25,DEN,OAK,14,21,7,Oakland-Alameda County Coliseum,Home,outdoors,grass,2017112610
174,2017_12_GB_PIT,2017,REG,12,2017-11-26,Sunday,20:30,GB,PIT,28,31,3,Heinz Field,Home,outdoors,grass,2017112611
175,2017_12_HOU_BAL,2017,REG,12,2017-11-27,Monday,20:30,HOU,BAL,16,23,7,M&T Bank Stadium,Home,outdoors,grass,2017112700
176,2017_13_WAS_DAL,2017,REG,13,2017-11-30,Thursday,20:25,WAS,DAL,14,38,24,AT&T Stadium,Home,closed,matrixturf,2017113000
177,2017_13_MIN_ATL,2017,REG,13,2017-12-03,Sunday,13:00,MIN,ATL,14,9,-5,Mercedes-Benz Stadium,Home,closed,fieldturf,2017120300
178,2017_13_DET_BAL,2017,REG,13,2017-12-03,Sunday,13:00,DET,BAL,20,44,24,M&T Bank Stadium,Home,outdoors,grass,2017120301
179,2017_13_NE_BUF,2017,REG,13,2017-12-03,Sunday,13:00,NE,BUF,23,3,-20,New Era Field,Home,outdoors,a_turf,2017120302
180,2017_13_SF_CHI,2017,REG,13,2017-12-03,Sunday,13:00,SF,CHI,15,14,-1,Soldier Field,Home,outdoors,grass,2017120303
181,2017_13_TB_GB,2017,REG,13,2017-12-03,Sunday,13:00,TB,GB,20,26,6,Lambeau Field,Home,outdoors,grass,2017120304
182,2017_13_IND_JAX,2017,REG,13,2017-12-03,Sunday,13:00,IND,JAX,10,30,20,EverBank Field,Home,outdoors,grass,2017120305
183,2017_13_DEN_MIA,2017,REG,13,2017-12-03,Sunday,13:00,DEN,MIA,9,35,26,Hard Rock Stadium,Home,outdoors,grass,2017120306
184,2017_13_KC_NYJ,2017,REG,13,2017-12-03,Sunday,13:00,KC,NYJ,31,38,7,MetLife Stadium,Home,outdoors,fieldturf,2017120308
185,2017_13_HOU_TEN,2017,REG,13,2017-12-03,Sunday,13:00,HOU,TEN,13,24,11,Nissan Stadium,Home,outdoors,grass,2017120309
186,2017_13_CLE_LAC,2017,REG,13,2017-12-03,Sunday,16:05,CLE,LAC,10,19,9,StubHub Center,Home,outdoors,grass,2017120310
187,2017_13_LA_ARI,2017,REG,13,2017-12-03,Sunday,16:25,LA,ARI,32,16,-16,University of Phoenix Stadium,Home,closed,grass,2017120311
188,2017_13_CAR_NO,2017,REG,13,2017-12-03,Sunday,16:25,CAR,NO,21,31,10,Mercedes-Benz Superdome,Home,dome,sportturf,2017120307
189,2017_13_NYG_OAK,2017,REG,13,2017-12-03,Sunday,16:25,NYG,OAK,17,24,7,Oakland-Alameda County Coliseum,Home,outdoors,grass,2017120312
190,2017_13_PHI_SEA,2017,REG,13,2017-12-03,Sunday,20:30,PHI,SEA,10,24,14,CenturyLink Field,Home,outdoors,fieldturf,2017120313
191,2017_13_PIT_CIN,2017,REG,13,2017-12-04,Monday,20:30,PIT,CIN,23,20,-3,Paul Brown Stadium,Home,outdoors,fieldturf,2017120400
192,2017_14_NO_ATL,2017,REG,14,2017-12-07,Thursday,20:25,NO,ATL,17,20,3,Mercedes-Benz Stadium,Home,closed,fieldturf,2017120700
193,2017_14_IND_BUF,2017,REG,14,2017-12-10,Sunday,13:00,IND,BUF,7,13,6,New Era Field,Home,outdoors,a_turf,2017121000
194,2017_14_MIN_CAR,2017,REG,14,2017-12-10,Sunday,13:00,MIN,CAR,24,31,7,Bank of America Stadium,Home,outdoors,grass,2017121001
195,2017_14_CHI_CIN,2017,REG,14,2017-12-10,Sunday,13:00,CHI,CIN,33,7,-26,Paul Brown Stadium,Home,outdoors,fieldturf,2017121002
196,2017_14_GB_CLE,2017,REG,14,2017-12-10,Sunday,13:00,GB,CLE,27,21,-6,FirstEnergy Stadium,Home,outdoors,grass,2017121003
197,2017_14_SF_HOU,2017,REG,14,2017-12-10,Sunday,13:00,SF,HOU,26,16,-10,NRG Stadium,Home,closed,astroturf,2017121004
198,2017_14_OAK_KC,2017,REG,14,2017-12-10,Sunday,13:00,OAK,KC,15,26,11,Arrowhead Stadium,Home,outdoors,grass,2017121006
199,2017_14_DAL_NYG,2017,REG,14,2017-12-10,Sunday,13:00,DAL,NYG,30,10,-20,MetLife Stadium,Home,outdoors,fieldturf,2017121012
200,2017_14_DET_TB,2017,REG,14,2017-12-10,Sunday,13:00,DET,TB,24,21,-3,Raymond James Stadium,Home,outdoors,grass,2017121007
201,2017_14_TEN_ARI,2017,REG,14,2017-12-10,Sunday,16:05,TEN,ARI,7,12,5,University of Phoenix Stadium,Home,closed,grass,2017121008
202,2017_14_NYJ_DEN,2017,REG,14,2017-12-10,Sunday,16:05,NYJ,DEN,0,23,23,Sports Authority Field at Mile High,Home,outdoors,grass,2017121009
203,2017_14_WAS_LAC,2017,REG,14,2017-12-10,Sunday,16:05,WAS,LAC,13,30,17,StubHub Center,Home,outdoors,grass,2017121010
204,2017_14_SEA_JAX,2017,REG,14,2017-12-10,Sunday,16:25,SEA,JAX,24,30,6,EverBank Field,Home,outdoors,grass,2017121005
205,2017_14_PHI_LA,2017,REG,14,2017-12-10,Sunday,16:25,PHI,LA,43,35,-8,Los Angeles Memorial Coliseum,Home,outdoors,grass,2017121011
206,2017_14_BAL_PIT,2017,REG,14,2017-12-10,Sunday,20:30,BAL,PIT,38,39,1,Heinz Field,Home,outdoors,grass,2017121013
207,2017_14_NE_MIA,2017,REG,14,2017-12-11,Monday,20:30,NE,MIA,20,27,7,Hard Rock Stadium,Home,outdoors,grass,2017121100
208,2017_15_DEN_IND,2017,REG,15,2017-12-14,Thursday,20:25,DEN,IND,25,13,-12,Lucas Oil Stadium,Home,closed,fieldturf,2017121400
209,2017_15_CHI_DET,2017,REG,15,2017-12-16,Saturday,16:30,CHI,DET,10,20,10,Ford Field,Home,dome,fieldturf,2017121600
210,2017_15_LAC_KC,2017,REG,15,2017-12-16,Saturday,20:25,LAC,KC,13,30,17,Arrowhead Stadium,Home,outdoors,grass,2017121601
211,2017_15_MIA_BUF,2017,REG,15,2017-12-17,Sunday,13:00,MIA,BUF,16,24,8,New Era Field,Home,outdoors,a_turf,2017121700
212,2017_15_GB_CAR,2017,REG,15,2017-12-17,Sunday,13:00,GB,CAR,24,31,7,Bank of America Stadium,Home,outdoors,grass,2017121701
213,2017_15_BAL_CLE,2017,REG,15,2017-12-17,Sunday,13:00,BAL,CLE,27,10,-17,FirstEnergy Stadium,Home,outdoors,grass,2017121702
214,2017_15_HOU_JAX,2017,REG,15,2017-12-17,Sunday,13:00,HOU,JAX,7,45,38,EverBank Field,Home,outdoors,grass,2017121703
215,2017_15_CIN_MIN,2017,REG,15,2017-12-17,Sunday,13:00,CIN,MIN,7,34,27,U.S. Bank Stadium,Home,dome,sportturf,2017121704
216,2017_15_NYJ_NO,2017,REG,15,2017-12-17,Sunday,13:00,NYJ,NO,19,31,12,Mercedes-Benz Superdome,Home,dome,sportturf,2017121705
217,2017_15_PHI_NYG,2017,REG,15,2017-12-17,Sunday,13:00,PHI,NYG,34,29,-5,MetLife Stadium,Home,outdoors,fieldturf,2017121706
218,2017_15_ARI_WAS,2017,REG,15,2017-12-17,Sunday,13:00,ARI,WAS,15,20,5,FedExField,Home,outdoors,grass,2017121707
219,2017_15_LA_SEA,2017,REG,15,2017-12-17,Sunday,16:05,LA,SEA,42,7,-35,CenturyLink Field,Home,outdoors,fieldturf,2017121708
220,2017_15_NE_PIT,2017,REG,15,2017-12-17,Sunday,16:25,NE,PIT,27,24,-3,Heinz Field,Home,outdoors,grass,2017121709
221,2017_15_TEN_SF,2017,REG,15,2017-12-17,Sunday,16:25,TEN,SF,23,25,2,Levi's Stadium,Home,outdoors,grass,2017121710
222,2017_15_DAL_OAK,2017,REG,15,2017-12-17,Sunday,20:30,DAL,OAK,20,17,-3,Oakland-Alameda County Coliseum,Home,outdoors,grass,2017121711
223,2017_15_ATL_TB,2017,REG,15,2017-12-18,Monday,20:30,ATL,TB,24,21,-3,Raymond James Stadium,Home,outdoors,grass,2017121800
224,2017_16_IND_BAL,2017,REG,16,2017-12-23,Saturday,16:30,IND,BAL,16,23,7,M&T Bank Stadium,Home,outdoors,grass,2017122300
225,2017_16_MIN_GB,2017,REG,16,2017-12-23,Saturday,20:30,MIN,GB,16,0,-16,Lambeau Field,Home,outdoors,grass,2017122301
226,2017_16_TB_CAR,2017,REG,16,2017-12-24,Sunday,13:00,TB,CAR,19,22,3,Bank of America Stadium,Home,outdoors,grass,2017122400
227,2017_16_CLE_CHI,2017,REG,16,2017-12-24,Sunday,13:00,CLE,CHI,3,20,17,Soldier Field,Home,outdoors,grass,2017122401
228,2017_16_DET_CIN,2017,REG,16,2017-12-24,Sunday,13:00,DET,CIN,17,26,9,Paul Brown Stadium,Home,outdoors,fieldturf,2017122402
229,2017_16_MIA_KC,2017,REG,16,2017-12-24,Sunday,13:00,MIA,KC,13,29,16,Arrowhead Stadium,Home,outdoors,grass,2017122403
230,2017_16_BUF_NE,2017,REG,16,2017-12-24,Sunday,13:00,BUF,NE,16,37,21,Gillette Stadium,Home,outdoors,fieldturf,2017122404
231,2017_16_ATL_NO,2017,REG,16,2017-12-24,Sunday,13:00,ATL,NO,13,23,10,Mercedes-Benz Superdome,Home,dome,sportturf,2017122405
232,2017_16_LAC_NYJ,2017,REG,16,2017-12-24,Sunday,13:00,LAC,NYJ,14,7,-7,MetLife Stadium,Home,outdoors,fieldturf,2017122406
233,2017_16_LA_TEN,2017,REG,16,2017-12-24,Sunday,13:00,LA,TEN,27,23,-4,Nissan Stadium,Home,outdoors,grass,2017122407
234,2017_16_DEN_WAS,2017,REG,16,2017-12-24,Sunday,13:00,DEN,WAS,11,27,16,FedExField,Home,outdoors,grass,2017122408
235,2017_16_JAX_SF,2017,REG,16,2017-12-24,Sunday,16:05,JAX,SF,33,44,11,Levi's Stadium,Home,outdoors,grass,2017122409
236,2017_16_NYG_ARI,2017,REG,16,2017-12-24,Sunday,16:25,NYG,ARI,0,23,23,University of Phoenix Stadium,Home,closed,grass,2017122410
237,2017_16_SEA_DAL,2017,REG,16,2017-12-24,Sunday,16:25,SEA,DAL,21,12,-9,AT&T Stadium,Home,closed,matrixturf,2017122411
238,2017_16_PIT_HOU,2017,REG,16,2017-12-25,Monday,16:30,PIT,HOU,34,6,-28,NRG Stadium,Home,closed,astroturf,2017122500
239,2017_16_OAK_PHI,2017,REG,16,2017-12-25,Monday,20:30,OAK,PHI,10,19,9,Lincoln Financial Field,Home,outdoors,grass,2017122501
240,2017_17_GB_DET,2017,REG,17,2017-12-31,Sunday,13:00,GB,DET,11,35,24,Ford Field,Home,dome,fieldturf,2017123102
241,2017_17_HOU_IND,2017,REG,17,2017-12-31,Sunday,13:00,HOU,IND,13,22,9,Lucas Oil Stadium,Home,closed,fieldturf,2017123103
242,2017_17_CHI_MIN,2017,REG,17,2017-12-31,Sunday,13:00,CHI,MIN,10,23,13,U.S. Bank Stadium,Home,dome,sportturf,2017123105
243,2017_17_NYJ_NE,2017,REG,17,2017-12-31,Sunday,13:00,NYJ,NE,6,26,20,Gillette Stadium,Home,outdoors,fieldturf,2017123106
244,2017_17_WAS_NYG,2017,REG,17,2017-12-31,Sunday,13:00,WAS,NYG,10,18,8,MetLife Stadium,Home,outdoors,fieldturf,2017123107
245,2017_17_DAL_PHI,2017,REG,17,2017-12-31,Sunday,13:00,DAL,PHI,6,0,-6,Lincoln Financial Field,Home,outdoors,grass,2017123108
246,2017_17_CLE_PIT,2017,REG,17,2017-12-31,Sunday,13:00,CLE,PIT,24,28,4,Heinz Field,Home,outdoors,grass,2017123109
247,2017_17_CAR_ATL,2017,REG,17,2017-12-31,Sunday,16:25,CAR,ATL,10,22,12,Mercedes-Benz Stadium,Home,closed,fieldturf,2017123100
248,2017_17_CIN_BAL,2017,REG,17,2017-12-31,Sunday,16:25,CIN,BAL,31,27,-4,M&T Bank Stadium,Home,outdoors,grass,2017123101
249,2017_17_KC_DEN,2017,REG,17,2017-12-31,Sunday,16:25,KC,DEN,27,24,-3,Sports Authority Field at Mile High,Home,outdoors,grass,2017123112
250,2017_17_SF_LA,2017,REG,17,2017-12-31,Sunday,16:25,SF,LA,34,13,-21,Los Angeles Memorial Coliseum,Home,outdoors,grass,2017123114
251,2017_17_OAK_LAC,2017,REG,17,2017-12-31,Sunday,16:25,OAK,LAC,10,30,20,StubHub Center,Home,outdoors,grass,2017123113
252,2017_17_BUF_MIA,2017,REG,17,2017-12-31,Sunday,16:25,BUF,MIA,22,16,-6,Hard Rock Stadium,Home,outdoors,grass,2017123104
253,2017_17_ARI_SEA,2017,REG,17,2017-12-31,Sunday,16:25,ARI,SEA,26,24,-2,CenturyLink Field,Home,outdoors,fieldturf,2017123115
254,2017_17_NO_TB,2017,REG,17,2017-12-31,Sunday,16:25,NO,TB,24,31,7,Raymond James Stadium,Home,outdoors,grass,2017123110
255,2017_17_JAX_TEN,2017,REG,17,2017-12-31,Sunday,16:25,JAX,TEN,10,15,5,Nissan Stadium,Home,outdoors,grass,2017123111
256,2017_18_TEN_KC,2017,WC,18,2018-01-06,Saturday,16:36,TEN,KC,22,21,-1,Arrowhead Stadium,Home,outdoors,grass,2018010600
257,2017_18_ATL_LA,2017,WC,18,2018-01-06,Saturday,20:15,ATL,LA,26,13,-13,Los Angeles Memorial Coliseum,Home,outdoors,grass,2018010601
258,2017_18_BUF_JAX,2017,WC,18,2018-01-07,Sunday,13:05,BUF,JAX,3,10,7,EverBank Field,Home,outdoors,grass,2018010700
259,2017_18_CAR_NO,2017,WC,18,2018-01-07,Sunday,16:40,CAR,NO,26,31,5,Mercedes-Benz Superdome,Home,dome,sportturf,2018010701
260,2017_19_ATL_PHI,2017,DIV,19,2018-01-13,Saturday,16:35,ATL,PHI,10,15,5,Lincoln Financial Field,Home,outdoors,grass,2018011300
261,2017_19_TEN_NE,2017,DIV,19,2018-01-13,Saturday,20:15,TEN,NE,14,35,21,Gillette Stadium,Home,outdoors,fieldturf,2018011301
262,2017_19_JAX_PIT,2017,DIV,19,2018-01-14,Sunday,13:05,JAX,PIT,45,42,-3,Heinz Field,Home,outdoors,grass,2018011400
263,2017_19_NO_MIN,2017,DIV,19,2018-01-14,Sunday,16:40,NO,MIN,24,29,5,U.S. Bank Stadium,Home,dome,sportturf,2018011401
264,2017_20_JAX_NE,2017,CON,20,2018-01-21,Sunday,15:05,JAX,NE,20,24,4,Gillette Stadium,Home,outdoors,fieldturf,2018012100
265,2017_20_MIN_PHI,2017,CON,20,2018-01-21,Sunday,18:41,MIN,PHI,7,38,31,Lincoln Financial Field,Home,outdoors,grass,2018012101
266,2017_21_PHI_NE,2017,SB,21,2018-02-04,Sunday,18:31,PHI,NE,41,33,-8,U.S. Bank Stadium,Neutral,dome,sportturf,2018020400
